n,numberEntry.keys_raw,,,,,,,,,,,,,,,,,,,,numberEntry.rt_raw,,,,,,,,,,,,,,,,,,,,order,,,,,,,,,,,,,,,,,,,
10.0,['space', 'space', 'space', 'space', 'f'], ['space', 'space', 'j'], ['space', 'space', 'space', 'space', 'space', 'space', 'space', 'space', 'space', 'space', 'space', 'space', 'space', 'space', 'space', 'j'], ['space', 'space', 'space', 'space', 'f'], ['space', 'space', 'space', 'space', 'j'], ['space', 'space', 'space', 'f'], ['space', 'space', 'j'], ['space', 'space', 'space', 'f'], ['space', 'f'], ['space', 'space', 'f'], '--', '--', '--', '--', '--', '--', '--', '--', '--', '--',[6.2161478996276855, 7.4199538230896, 9.001755952835083, 11.419748783111572, 17.749919891357422], [2.4363129138946533, 4.051846981048584, 5.566061973571777], [11.482475996017456, 12.199167013168335, 12.953042984008789, 13.285953998565674, 13.683640003204346, 14.070396900177002, 14.466119050979614, 14.782642841339111, 15.166009902954102, 15.786131858825684, 16.333561897277832, 16.96928596496582, 22.96331000328064, 28.169412851333618, 31.883004903793335, 39.88618803024292], [1.8693900108337402, 5.568897008895874, 6.319123029708862, 7.416301012039185, 9.332491159439087], [1.5541281700134277, 3.3030591011047363, 4.167471170425415, 5.403224945068359, 7.853454113006592], [2.519602060317993, 3.819443941116333, 4.799896001815796, 7.983525991439819], [2.1159908771514893, 3.7829220294952393, 4.650080919265747], [0.9368259906768799, 8.369684934616089, 9.852643966674805, 10.18371295928955], [2.902127981185913, 7.250200986862183], [1.483914852142334, 2.2530689239501953, 3.4329378604888916], '--', '--', '--', '--', '--', '--', '--', '--', '--', '--',0.0, 1.0, 2.0, 3.0, 4.0, 5.0, 6.0, 7.0, 8.0, 9.0, , , , , , , , , , 

extraInfo
date,2018_Aug_23_0952
frameRate,60.0377606422
expName,test02_TestSegment
session,001
participant,999
